candidate_id,candidate_name,state,race_type,year,district,election_stage,bad_campaign_url,bad_wikipedia_url,action,found_campaign_url
952,Verlina Reynolds-Jackson,New Jersey,State House,2025,15,general,http://aswreynoldsjackson.com,,clear_campaign_url_only,http://aswreynoldsjackson.com
1100,Josh Thomas,Virginia,State House,2025,21,general,https://jetforva.com/,,clear_campaign_url_only,https://jetforva.com/
1201,Jessica Anderson,Virginia,State House,2025,71,general,https://jess4va.com/,,clear_campaign_url_only,https://jess4va.com/
3832,Stuart Schmidt Jr.,Maryland,State House,2026,33,general,https://vote4stu.com/,,clear_campaign_url_only,https://vote4stu.com/
4670,John Bucy III,Texas,State House,2026,At-Large,general,http://www.BucyForTexas.com,,clear_campaign_url_only,http://www.BucyForTexas.com
17260,Scott Lemay,Texas,Mayor,2023,,general,http://www.kirkwatson.com,https://en.wikipedia.org/wiki/Kirk_Watson,clear_both,https://loweryfor901.com/
17274,Satya Rhodes-Conway,Wisconsin,Mayor,2023,,general,http://cityofmadison.com/mayor,,clear_campaign_url_only,http://cityofmadison.com/mayor
17278,Beth Weldon,Alaska,Mayor,2024,,general,http://juneau.org,"https://en.wikipedia.org/wiki/Juneau,_Alaska",clear_both,
5262,Jeff Zink,Arizona,US House,2024,3,general,http://biggsforarizona.com,https://en.wikipedia.org/wiki/Andy_Biggs,clear_both,http://biggsforarizona.com
5855,Brian Bob Kenderes,Ohio,US House,2024,14,general,http://joyceforcongress.com,https://en.wikipedia.org/wiki/David_Joyce_(politician),clear_both,http://joyceforcongress.com
6002,Alan Garza,Texas,US House,2024,29,general,http://sylviaforcongress.com,https://en.wikipedia.org/wiki/Sylvia_Garcia,clear_both,https://fifthofnovember2024.com/
17326,Monroe Nichols,Oklahoma,Mayor,2024,,general,https://web.archive.org/web/20130813235458/http://taylorfortulsa.com/,https://en.wikipedia.org/wiki/Kathy_Taylor_(politician),clear_both,
17359,Emilio Gonzalez,Florida,Mayor,2025,,general,https://www.miami.gov/My-Government/City-Officials/Mayor-Eileen-Higgins/,https://en.wikipedia.org/wiki/Eileen_Higgins,clear_both,https://www.emilioformiami.com/
17388,Tim Keller,New Mexico,Mayor,2025,,general,http://cabq.gov/mayor,,clear_campaign_url_only,http://cabq.gov/mayor
17391,Oscar Salazar Rodriguez,New Mexico,Mayor,2025,,general,https://facebook.com/CouncilorMichaelGarciaD2,https://en.wikipedia.org/wiki/2025_Santa_Fe_mayoral_election,clear_both,https://facebook.com/CouncilorMichaelGarciaD2
17405,Cory Bowman,Ohio,Mayor,2025,,general,https://aftabformayor.com/,https://en.wikipedia.org/wiki/Aftab_Pureval,clear_both,
17414,Daniel Rickenmann,South Carolina,Mayor,2025,,general,https://mayor.columbiasc.gov/,,clear_campaign_url_only,https://mayor.columbiasc.gov/
6251,Karen S Greenhalgh,Virginia,State House,2023,97,general,https://alexaskew.com/,https://en.wikipedia.org/wiki/Alex_Askew,clear_both,https://karengreenhalgh.com/
6248,Joshua Thomas,Virginia,State House,2023,21,general,https://jetforva.com/,,clear_campaign_url_only,https://jetforva.com/
6721,Josh Blakely,Virginia,State House,2023,50,general,https://jetforva.com/,https://en.wikipedia.org/wiki/Josh_Thomas_(politician),clear_both,https://electjon.com/
6262,John T Stirrup,Virginia,State House,2023,21,general,http://governor.virginia.gov,https://en.wikipedia.org/wiki/List_of_governors_of_Virginia,clear_both,https://stirrupfordelegate.com/
6263,Travis Nembhard,Virginia,State House,2023,22,general,http://suhasforvirginia.com,https://en.wikipedia.org/wiki/Suhas_Subramanyam,clear_both,https://nembhardforvirginia.com
6553,Gregory Moulthrop,Virginia,State Senate,2023,32,general,http://suhasforvirginia.com,https://en.wikipedia.org/wiki/Suhas_Subramanyam,clear_both,http://suhasforvirginia.com
6268,Susanna S Gibson,Virginia,State House,2023,57,general,https://votedavidowen.com/,https://en.wikipedia.org/wiki/David_Owen_(Virginia_politician),clear_both,https://votedavidowen.com/
6335,Terry L Austin,Virginia,State House,2023,37,general,https://votedavidowen.com/,https://en.wikipedia.org/wiki/David_Owen_(Virginia_politician),clear_both,https://votedavidowen.com/
6290,Riley Shaia,Virginia,State House,2023,58,general,https://www.rodwillett.com/,https://en.wikipedia.org/wiki/Rodney_Willett,clear_both,https://ivoterguide.com/candidate/75838/race/18985/election/1054
6647,Katie Ford,Pennsylvania,State House,2023,163,general,https://www.parliament.scot/msps/current-and-previous-msps/kate-forbes,https://en.wikipedia.org/wiki/Kate_Forbes,clear_both,https://www.katiefordpa163.com/
6343,Andrew B (Andy) Pittman,Virginia,State House,2023,94,general,https://andybeshear.com/,https://en.wikipedia.org/wiki/Andy_Beshear,clear_both,https://www.andyfornorfolk.com/
6366,Jessica Anderson,Virginia,State House,2023,71,general,https://jess4va.com/,,clear_campaign_url_only,https://jess4va.com/
6596,Thomas C (Tommy) Wright Jr,Virginia,State House,2023,50,general,https://www.martyfordelegate.com/,https://en.wikipedia.org/wiki/Marty_Martinez_(Virginia_politician),clear_both,http://www.vpap.org/candidates/profile/home/1805
6765,Kristen Washington,Texas,State House,2023,2,general,https://www.brentmoney.com/,https://en.wikipedia.org/wiki/Brent_Money,clear_both,https://www.brentmoney.com/
6589,Jarris Taylor Jr,Virginia,State House,2023,86,general,https://www.cordozaforvirginia.com,https://en.wikipedia.org/wiki/A.C._Cordoza,clear_both,https://www.cordozaforvirginia.com
6512,Destiny L Levere Bolling,Virginia,State House,2023,80,general,http://www.wrenwilliamsva.com,https://en.wikipedia.org/wiki/Wren_Williams,clear_both,http://www.wrenwilliamsva.com
6733,Cathy (Cat) Porterfield,Virginia,State House,2023,99,general,http://katieporter.com,https://en.wikipedia.org/wiki/Katie_Porter,clear_both,https://bluevoterguide.org/VA/candidate_Cathy_Porterfield/375996
6359,Richard C (Rip) Sullivan Jr,Virginia,State House,2023,6,general,http://www.ripsullivan.com/,https://en.wikipedia.org/wiki/Rip_Sullivan,clear_both,http://www.ripsullivan.com/
6739,Larry Jackson,Virginia,State House,2023,61,general,https://www.mikejohnsonforlouisiana.com/,https://en.wikipedia.org/wiki/Mike_Johnson,clear_both,https://www.mikejohnsonforlouisiana.com/
6362,Kelly K Convirs-Fowler,Virginia,State House,2023,96,general,https://bonitaforva.com/,https://en.wikipedia.org/wiki/Bonita_Anthony,clear_both,https://bonitaforva.com/
6948,Michael Durig,Virginia,State House,2023,92,general,https://bonitaforva.com/,https://en.wikipedia.org/wiki/Bonita_Anthony,clear_both,https://bonitaforva.com/
6518,Verlina Reynolds-Jackson,New Jersey,State House,2023,15,general,http://aswreynoldsjackson.com,,clear_campaign_url_only,http://aswreynoldsjackson.com
6381,Robert D (Bobby) Orrock Sr,Virginia,State House,2023,66,general,https://www.bobbyorrock.net/,https://en.wikipedia.org/wiki/Bobby_Orrock,clear_both,https://www.bobbyorrock.net/
6382,S (Sam) Rasoul,Virginia,State House,2023,38,general,http://markfordelegate.com,https://en.wikipedia.org/wiki/Mark_Levine_(Virginia_politician),clear_both,http://markfordelegate.com
6616,Matt Waters,Virginia,State House,2023,70,general,http://mcguireva.com,https://en.wikipedia.org/wiki/John_McGuire_(Virginia_politician),clear_both,http://mcguireva.com
6595,Monique Baroudi,Virginia,State House,2023,35,general,https://hollyseibold.com,https://en.wikipedia.org/wiki/Holly_Seibold,clear_both,https://hollyseibold.com
6901,Marcus Evans,Virginia,State House,2023,15,general,https://www.laurajanecohen.com/,https://en.wikipedia.org/wiki/Laura_Jane_Cohen,clear_both,https://www.repevans.com/about-marcus-2/
7041,Ramon Hernandez,New Jersey,State House,2023,20,general,https://www.ridgefieldpark.org,"https://en.wikipedia.org/wiki/Ridgefield_Park,_New_Jersey",clear_both,https://www.ourcampaigns.com/CandidateDetail.html?CandidateID=592933
6488,Herbert C Conaway Jr,New Jersey,State House,2023,7,general,http://herbforcongress.com,https://en.wikipedia.org/wiki/Herb_Conaway,clear_both,http://herbforcongress.com
6847,Herb Walke,Virginia,State House,2023,73,general,https://www.markearleyforva.com/,https://en.wikipedia.org/wiki/Mark_Earley_Jr.,clear_both,https://www.markearleyforva.com/
6484,Margie M Donlon,New Jersey,State House,2023,11,general,https://www.neptunetownship.org,"https://en.wikipedia.org/wiki/Neptune_Township,_New_Jersey",clear_both,https://www.neptunetownship.org
6431,Brandon E Umba,New Jersey,State House,2023,8,general,https://www.westamptonnj.gov,"https://en.wikipedia.org/wiki/Westampton,_New_Jersey",clear_both,https://www.westamptonnj.gov
7042,Chris Weber,New Jersey,State House,2023,21,general,http://axlrose.com,https://en.wikipedia.org/wiki/Axl_Rose,clear_both,https://bluevoterguide.org/NJ/candidate_Chris_Weber/495034
6446,Cliff E Hayes Jr,Virginia,State House,2023,91,general,https://guyfordelegate.com/,https://en.wikipedia.org/wiki/Nancy_Guy,clear_both,http://mikecherryforva.com
7054,Marta D Harrison,New Jersey,State House,2023,30,general,http://www.nj.gov/governor,https://en.wikipedia.org/wiki/List_of_governors_of_New_Jersey,clear_both,https://www.rosenet.org/
6693,Duc Truong,Virginia,State House,2023,76,general,https://debragardnerfordelegate.com/,https://en.wikipedia.org/wiki/Debra_Gardner,clear_both,https://debragardnerfordelegate.com/
7039,Teresa A Hutchison,New Jersey,State House,2023,18,general,https://www.citizensforhutchinson.com/,https://en.wikipedia.org/wiki/Tom_Hutchinson_(politician),clear_both,https://www.ocasiocortez.com/
7055,Sydney J Ferreira,New Jersey,State House,2023,31,general,https://www.kearnynj.org,"https://en.wikipedia.org/wiki/Kearny,_New_Jersey",clear_both,https://www.kearnynj.org
6479,Cody D Miller,New Jersey,State House,2023,4,general,https://www.ourcampaigns.com/ContainerDetail.html?ContainerID=44,https://en.wikipedia.org/wiki/2012_United_States_House_of_Representatives_elections_in_New_Jersey,clear_both,https://www.ourcampaigns.com/ContainerDetail.html?ContainerID=44
6930,Luellen Hoffman,Virginia,State House,2023,7,general,http://www.opensecrets.org/races/election.php?state=VA&cycle=2014,https://en.wikipedia.org/wiki/2014_United_States_House_of_Representatives_elections_in_Virginia,clear_both,http://www.opensecrets.org/races/election.php?state=VA&cycle=2014
6606,Paul Daniel Melotik,Wisconsin,State House,2023,24,general,https://twitter.com/rep_august,https://en.wikipedia.org/wiki/Tyler_August,clear_both,https://twitter.com/rep_august
6575,Nicholas J (Nick) Freitas,Virginia,State House,2023,62,general,https://www.nickforva.com/,,clear_campaign_url_only,https://www.nickforva.com/
6838,Erin Connolly Autenreith,Pennsylvania,State House,2023,21,general,http://lindsaypowellforpa.com,https://en.wikipedia.org/wiki/Lindsay_Powell,clear_both,http://SaraForAll.com
7058,Alex Garcia,New Jersey,State House,2023,32,general,https://www.kgfornyc.com/,,clear_campaign_url_only,https://www.kgfornyc.com/
6950,Kimberly Moran,Virginia,State House,2023,51,general,https://www.zehrfordelegate.org/,https://en.wikipedia.org/wiki/Eric_Zehr,clear_both,https://www.zehrfordelegate.org/
7069,Chance Trevillian,Virginia,State House,2023,48,general,http://lesadams.org,https://en.wikipedia.org/wiki/Les_Adams_(politician),clear_both,https://bluevoterguide.org/district/VA/Virginia_House_of_Delegates_District_48/997/26
6719,John Sitka Iii,Virginia,State House,2023,93,general,http://bobbyscottforcongress.com,https://en.wikipedia.org/wiki/Bobby_Scott_(politician),clear_both,https://ivoterguide.com/candidate/75850/race/6812/election/1227
6884,Ryshonda Harper Beechem,Mississippi,State House,2023,75,general,http://pelahatchie.org/,"https://en.wikipedia.org/wiki/Pelahatchie,_Mississippi",clear_both,https://ivoterguide.com/candidate/77243/race/8079/election/1069?culture=en-us
6728,Cleopatra G Tucker,New Jersey,State House,2023,28,general,https://irvingtonnj.gov/,"https://en.wikipedia.org/wiki/Irvington,_New_Jersey",clear_both,https://irvingtonnj.gov/
6810,Wendy Pieh,Maine,State House,2023,45,general,https://www.fec.gov/data/elections/senate/ME/2018/,https://en.wikipedia.org/wiki/2018_United_States_Senate_election_in_Maine,clear_both,https://justfacts.votesmart.org/candidate/biography/10894/wendy-pieh
6762,Jason Diaz,Connecticut,State House,2023,6,general,http://smith4nj.com,https://en.wikipedia.org/wiki/Chris_Smith_(New_Jersey_politician),clear_both,https://electjon.com/
6240,Juan Pablo Segura,Virginia,State Senate,2023,31,general,https://russetperry.com/,https://en.wikipedia.org/wiki/Russet_Perry,clear_both,https://russetperry.com/
6670,Jason Ford,Virginia,State Senate,2023,28,general,http://brycereeves.com,https://en.wikipedia.org/wiki/Bryce_Reeves,clear_both,http://brycereeves.com
6685,Julie Perry,Virginia,State Senate,2023,36,general,https://stellapekarsky.com/,https://en.wikipedia.org/wiki/Stella_Pekarsky,clear_both,https://www.branch.vote/races/2023-virginia-general-elections-va-state-state-senator-va-state-senate-36/candidates/julie-perry
6402,Samuel L (Sam) Watson,Georgia,State Senate,2023,11,general,https://peachfile.ethics.ga.gov/public/cf/publiccandidate,,clear_campaign_url_only,https://peachfile.ethics.ga.gov/public/cf/publiccandidate
7102,Rosa Kay,South Carolina,State Senate,2023,42,general,https://deontedder.com/,https://en.wikipedia.org/wiki/Deon_Tedder,clear_both,https://www.ourcampaigns.com/CandidateDetail.html?CandidateID=124271&ShowAllEvent=Y
6833,Joseph Belnome,New Jersey,State Senate,2023,34,general,http://mikiesherrill.com,https://en.wikipedia.org/wiki/Mikie_Sherrill,clear_both,https://www.joebelnome.com
7227,Kristie Bruce-Lane,California,State House,2024,76,general,http://www.brianmaienschein.com/,https://en.wikipedia.org/wiki/Brian_Maienschein,clear_both,https://www.kristiebrucelane.com/
7132,Laurie Davies,California,State House,2024,74,general,https://www.votecelesterodriguez.com/,https://en.wikipedia.org/wiki/Celeste_Rodriguez,clear_both,https://www.daviesforca.com/
7555,Elizabeth Ginsberg,Texas,State House,2024,108,general,https://www.opensecrets.org/personal-finances/net-worth?cid=N99999924,https://en.wikipedia.org/wiki/Ruth_Bader_Ginsburg,clear_both,https://www.voterguide.dallasnews.com/2024-general/candidates/4380/
7188,Averie Bishop,Texas,State House,2024,112,general,http://huizengaformichigan.com,https://en.wikipedia.org/wiki/Bill_Huizenga,clear_both,http://averiebishop.com
7151,Anna R Thomas,Pennsylvania,State House,2024,137,general,http://brianfitzpatrick.com,https://en.wikipedia.org/wiki/Brian_Fitzpatrick_(American_politician),clear_both,http://brianfitzpatrick.com
7584,Jonathan Gracia,Texas,State House,2024,37,general,https://eringamez.com/,https://en.wikipedia.org/wiki/Erin_Gamez,clear_both,https://jonathangracia.com
7160,Blanca Rubio,California,State House,2024,48,general,http://a48.asmdc.org,,clear_campaign_url_only,http://a48.asmdc.org
16091,Dan Tran,California,State House,2024,48,general,https://phuquoc.kiengiang.dcs.vn,https://en.wikipedia.org/wiki/Phú_Quốc,clear_both,http://derektranforcongress.com
14974,Aaron Draper,California,State House,2024,3,general,http://www.gallagherforassembly.com/,https://en.wikipedia.org/wiki/James_Gallagher_(California_politician),clear_both,https://www.draper4change.com/
7175,Duane J Shukoski,Wisconsin,State House,2024,53,general,https://www.kaufertforassembly.com/,https://en.wikipedia.org/wiki/Dean_Kaufert,clear_both,https://www.kaufertforassembly.com/
10895,Eric Norman,Texas,State House,2024,44,general,http://www.opensecrets.org/races/election.php?state=TX&cycle=2014,https://en.wikipedia.org/wiki/2014_United_States_House_of_Representatives_elections_in_Texas,clear_both,https://www.ericfortx.com/
12162,Stephanie Morales,Texas,State House,2024,138,general,https://voteforpenny.com/,,clear_campaign_url_only,https://voteforpenny.com/
7201,Alison H Page,Wisconsin,State House,2024,30,general,http://gwenmooreforcongress.com,https://en.wikipedia.org/wiki/Gwen_Moore,clear_both,http://gwenmooreforcongress.com
7207,Nicole Sidman,North Carolina,State House,2024,105,general,https://web.archive.org/web/20230405171139/https://www.triciacotham.org/,https://en.wikipedia.org/wiki/Tricia_Cotham,clear_both,https://bluevoterguide.org/NC/candidate_Nicole_Sidman/526451
15746,Michelle Antalec,North Carolina,State House,2024,113,general,https://web.archive.org/web/20230405171139/https://www.triciacotham.org/,https://en.wikipedia.org/wiki/Tricia_Cotham,clear_both,https://bluevoterguide.org/NC/candidate_Michelle_Antalec/526463
15967,Kiara Trina Johnson,North Carolina,State House,2024,6,general,https://web.archive.org/web/20230405171139/https://www.triciacotham.org/,https://en.wikipedia.org/wiki/Tricia_Cotham,clear_both,https://justfacts.votesmart.org/candidate/biography/202665/kiara-johnson
7345,Patrick J Snyder,Wisconsin,State House,2024,85,general,https://twitter.com/SpeakerVos,https://en.wikipedia.org/wiki/Robin_Vos,clear_both,https://electjon.com/
7212,Todd Huston,Indiana,State House,2024,37,general,https://www.ourcampaigns.com/CandidateDetail.html?CandidateID=298463,,clear_campaign_url_only,https://www.ourcampaigns.com/CandidateDetail.html?CandidateID=298463
7236,Catherine Stefani,California,State House,2024,19,general,https://a19.asmdc.org/,,clear_campaign_url_only,https://a19.asmdc.org/
16102,Stephan Hohil,California,State House,2024,51,general,https://www.rickchavezzbur.com/,https://en.wikipedia.org/wiki/Rick_Zbur,clear_both,https://freedomvoterguide.com/candidates/stephan-hohil-2/
7257,Buffy Wicks,California,State House,2024,14,general,https://a14.asmdc.org/,,clear_campaign_url_only,http://a14.asmdc.org
7286,Matt Haney,California,State House,2024,17,general,http://a17.asmdc.org,,clear_campaign_url_only,http://a17.asmdc.org
7297,Heath Flora,California,State House,2024,9,general,http://ad09.asmrc.org,,clear_campaign_url_only,http://ad09.asmrc.org
15095,Vinaya Singh,California,State House,2024,10,general,https://www.stephanienguyenforassembly.com/,https://en.wikipedia.org/wiki/Stephanie_Nguyen_(politician),clear_both,https://drsinghforassembly.com/
7309,Mary Beth Canty,Illinois,State House,2024,54,general,https://www.repmbc.com/,,clear_campaign_url_only,https://www.repmbc.com/
7329,Andy Hopper,Texas,State House,2024,64,general,https://house.texas.gov/members/4555,,clear_campaign_url_only,https://house.texas.gov/members/4555
7347,Tara Sreekrishnan,California,State House,2024,26,general,https://a26.asmdc.org,https://en.wikipedia.org/wiki/Patrick_Ahrens,clear_both,https://a26.asmdc.org
12952,Joe Salvato,Ohio,State House,2024,29,general,http://www.franklarose.com/,https://en.wikipedia.org/wiki/Frank_LaRose,clear_both,http://www.franklarose.com/
15166,Cynthia Navarro,California,State Senate,2024,31,general,http://cervantesforassembly.com/,https://en.wikipedia.org/wiki/Sabrina_Cervantes,clear_both,http://cervantesforassembly.com/
10482,Denise Aguilar Mendez,California,State House,2024,13,general,http://www.freedom-angels.org/,https://en.wikipedia.org/wiki/Freedom_Angels_Foundation,clear_both,http://www.freedom-angels.org/
7582,Liz Bishop,Illinois,State House,2024,76,general,https://www.facebook.com/MurriFor76/,https://en.wikipedia.org/wiki/Murri_Briel,clear_both,https://www.facebook.com/MurriFor76/
7420,Ricardo Ruiz,Oregon,State House,2024,50,general,https://www.ricki4oregon.com/,,clear_campaign_url_only,https://www.ricki4oregon.com/
14358,Sangeetha Shanbhogue,California,State House,2024,20,general,http://ortegaforassembly.com,https://en.wikipedia.org/wiki/Liz_Ortega,clear_both,https://www.ourcampaigns.com/CandidateDetail.html?CandidateID=628768
13795,Stacey Swann,Texas,State House,2024,68,general,http://valoreeswanson.com,https://en.wikipedia.org/wiki/Valoree_Swanson,clear_both,http://valoreeswanson.com
7441,Roneyse Bichotte Hermelyn,New York,State House,2024,42,general,http://assembly.state.ny.us/mem/Rodneyse-Bichotte,,clear_campaign_url_only,http://assembly.state.ny.us/mem/Rodneyse-Bichotte
11176,Carolyn Salter,Texas,State House,2024,8,general,http://lancegooden.com,https://en.wikipedia.org/wiki/Lance_Gooden,clear_both,http://lancegooden.com
9626,Andrew J Davis,Oregon,State House,2024,32,general,http://mt.gov,https://en.wikipedia.org/wiki/Montana,clear_both,https://uselectionatlas.org/RESULTS/
9722,Kelly Clark,Wisconsin,State House,2024,33,general,https://vermont.gov,https://en.wikipedia.org/wiki/Vermont,clear_both,https://rumble.com/v5aja3h-kelly-clark-kickoff-campaign-wisconsin-assembly-district-33.html
10401,Alicia Roshong,Ohio,State House,2024,89,general,https://allisonrusso.com/,https://en.wikipedia.org/wiki/Allison_Russo,clear_both,https://roshongforohio.com/home
16113,Lance York,Texas,State House,2024,146,general,https://www.laurenashleysimmons.com/,https://en.wikipedia.org/wiki/Lauren_Ashley_Simmons,clear_both,https://www.laurenashleysimmons.com/
11679,Joseph Rubay,California,State House,2024,16,general,https://rebeccabauerkahan.com,https://en.wikipedia.org/wiki/Rebecca_Bauer-Kahan,clear_both,https://rebeccabauerkahan.com
14823,Ted Stroll,California,State House,2024,25,general,http://www.ashkalra.com/,https://en.wikipedia.org/wiki/Ash_Kalra,clear_both,https://www.tedstroll.com/
7578,Jared L Patterson,Texas,State House,2024,106,general,https://www.whitesboro.org/,"https://en.wikipedia.org/wiki/Whitesboro,_Texas",clear_both,https://jaredpatterson.net/
7583,Anne M Stava-Murray,Illinois,State House,2024,81,general,https://www.teamstavamurray.com/,https://en.wikipedia.org/wiki/Anne_Stava,clear_both,https://www.teamstavamurray.com/
15628,Stephen M Wyman,Texas,State House,2024,20,general,http://www.terrywilsonfortexas.com,https://en.wikipedia.org/wiki/Terry_Wilson_(politician),clear_both,http://www.terrywilsonfortexas.com
7605,Kate Sanchez,California,State House,2024,71,general,https://ad71.asmrc.org/,,clear_campaign_url_only,https://ad71.asmrc.org/
16081,Gary Kephart,California,State House,2024,71,general,https://ad71.asmrc.org/,https://en.wikipedia.org/wiki/Kate_Sanchez,clear_both,https://garykephart.com/wordpress/gary-kephart-for-assembly-district-71/
13467,Kristen Washington,Texas,State House,2024,2,general,https://www.brentmoney.com/,https://en.wikipedia.org/wiki/Brent_Money,clear_both,https://www.brentmoney.com/
9748,Mark Curtis,Ohio,State House,2024,35,general,http://www.ohiostatehouse.org/,https://en.wikipedia.org/wiki/Ohio_Statehouse,clear_both,https://www.curtisforohio.com/
11477,Jim Colopy,Ohio,State House,2024,32,general,http://www.ohiostatehouse.org/,https://en.wikipedia.org/wiki/Ohio_Statehouse,clear_both,https://colopyforohio.com/
14712,Josiah Leinbach,Ohio,State House,2024,41,general,http://www.ohiostatehouse.org/,https://en.wikipedia.org/wiki/Ohio_Statehouse,clear_both,https://ohio.gov
16098,George Barks,California,State House,2024,66,general,https://www.alforassembly.com,https://en.wikipedia.org/wiki/Al_Muratsuchi,clear_both,https://www.alforassembly.com
7955,Sharifa Wahab,Nevada,State House,2024,35,general,https://www.edgeworthfornevada.com/,https://en.wikipedia.org/wiki/Rebecca_Edgeworth,clear_both,https://www.sharifafornevada.com
10379,Philip J (Phil) Wiese,Iowa,State House,2024,82,general,http://www3.legis.state.ia.us/ga/member.do?id=98,https://en.wikipedia.org/wiki/Philip_Wise,clear_both,https://www.vote.org/
9621,Shauna Johnson,South Carolina,State House,2024,24,general,https://www.ab.edu,https://en.wikipedia.org/wiki/Alderson_Broaddus_University,clear_both,https://shaunajohnson.com
7959,Hugh Brewster (Bruce) Williamson Iii,Georgia,State House,2024,112,general,https://www.ourcampaigns.com/CandidateDetail.html?CandidateID=248889,https://en.wikipedia.org/wiki/Bruce_Williamson_(politician),clear_both,https://www.ourcampaigns.com/CandidateDetail.html?CandidateID=248889
10112,Mary Ann Mendoza,Arizona,State House,2024,9,general,https://www.lorenaaustin.com/,https://en.wikipedia.org/wiki/Lorena_Austin,clear_both,https://www.lorenaaustin.com/
8816,Jeremy Messina,New York,State House,2024,113,general,http://simpsonforassembly.com/,https://en.wikipedia.org/wiki/Matt_Simpson_(New_York_politician),clear_both,http://simpsonforassembly.com/
11066,Linda R Robertson,Illinois,State House,2024,65,general,https://ugasteforillinois.com/,https://en.wikipedia.org/wiki/Dan_Ugaste,clear_both,https://ugasteforillinois.com/
8097,Yvette Benarroch,Florida,State House,2024,81,general,https://www.flhouse.gov/Sections/Representatives/custom/details.aspx?MemberId=4923&LegislativeTermId=91,,clear_campaign_url_only,https://www.flhouse.gov/Sections/Representatives/custom/details.aspx?MemberId=4923&LegislativeTermId=91
16956,Brett Harvey Nelson,Iowa,State House,2024,43,general,https://www.barkerforiowa.com/,https://en.wikipedia.org/wiki/Brett_Barker,clear_both,https://www.barkerforiowa.com/
10766,Scott Firsing,Texas,State House,2024,47,general,http://vikkigoodwin.com,https://en.wikipedia.org/wiki/Vikki_Goodwin,clear_both,http://vikkigoodwin.com
8230,Edward C Braunstein,New York,State House,2024,26,general,http://assembly.state.ny.us/mem/?ad=026,,clear_campaign_url_only,http://assembly.state.ny.us/mem/?ad=026
8562,Megan Kocher,Pennsylvania,State House,2024,119,general,https://repryncavage.com/,https://en.wikipedia.org/wiki/Alec_Ryncavage,clear_both,https://repryncavage.com/
16375,Areienne Alana Leblanc,Tennessee,State House,2024,61,general,https://www.tn.gov/governor.html,https://en.wikipedia.org/wiki/Bill_Lee_(Tennessee_politician),clear_both,https://lykelect.com/post/alana-leblanc/066974d0-c26e-4d83-96be-d262e2ed61a6/
9637,Abby Klomparens,Michigan,State House,2024,86,general,https://nancydeboer.com/,https://en.wikipedia.org/wiki/Nancy_DeBoer,clear_both,https://nancydeboer.com/
8356,Zohran Kwame Mamdani,New York,State House,2024,36,general,https://www.nyc.gov/mayors-office,,clear_campaign_url_only,https://www.zohranfornyc.com/platform
13855,Stephen Middleton,Utah,State House,2024,48,general,https://dougfiefia.com/,https://en.wikipedia.org/wiki/Doug_Fiefia,clear_both,https://www.stephenmiddletonforutah.com/
14976,Wendi Hendricks,Ohio,State House,2024,43,general,http://lesbrown.com,https://en.wikipedia.org/wiki/Les_Brown_(politician),clear_both,https://www.wendihendricks.us/
8409,Terra Costa Howard,Illinois,State House,2024,42,general,http://tchfor48.com/,,clear_campaign_url_only,http://tchfor48.com/
13494,Sonja Ogletree-Satani,South Carolina,State House,2024,98,general,https://votegregford.com/,https://en.wikipedia.org/wiki/Greg_Ford_(South_Carolina_politician),clear_both,https://votegregford.com/
12628,Stefanie Hawk,Ohio,State House,2024,30,general,http://emiliasykesforcongress.com,https://en.wikipedia.org/wiki/Emilia_Sykes,clear_both,https://www.vote4hawk.com
12783,Kelly Smith,Florida,State House,2024,30,general,http://aaliyah.com/,https://en.wikipedia.org/wiki/Aaliyah,clear_both,https://www.kellysmith30.com
8582,Denny Wells,Alaska,State House,2024,15,general,http://votemia.com,https://en.wikipedia.org/wiki/Mia_Costello,clear_both,http://votemia.com
14319,Stephanie Lyn Leonard,Florida,State House,2024,5,general,http://mike4congress.com,https://en.wikipedia.org/wiki/Mike_Haridopolos,clear_both,https://voteleonard.com/
14801,Anthony Airdo,Illinois,State House,2024,77,general,https://www.normaforstaterep.com/,https://en.wikipedia.org/wiki/Norma_Hernandez,clear_both,https://www.normaforstaterep.com/
8709,Victoria Hunt,Washington,State House,2024, 005-POSITION 1,general,http://electmanka.com,https://en.wikipedia.org/wiki/Manka_Dhingra,clear_both,https://victoriahunt.com/
13359,Mark Hargrove,Washington,State House,2024, 005-POSITION 1,general,https://www.ourcampaigns.com/CandidateDetail.html?CandidateID=177607,,clear_campaign_url_only,https://www.ourcampaigns.com/CandidateDetail.html?CandidateID=177607
8720,Peter Abbarno,Washington,State House,2024, 020-POSITION 1,general,https://www.ourcampaigns.com/CandidateDetail.html?CandidateID=476167,,clear_campaign_url_only,https://www.ourcampaigns.com/CandidateDetail.html?CandidateID=476167
16164,Jim Steed,Georgia,State House,2024,125,general,http://cjpearson.org/,https://en.wikipedia.org/wiki/CJ_Pearson,clear_both,http://cjpearson.org/
16243,Stan Baumhofer,Oregon,State House,2024,33,general,http://maxinefororegon.com,https://en.wikipedia.org/wiki/Maxine_Dexter,clear_both,https://electjon.com/
8792,Noel Williams,Georgia,State House,2024,148,general,https://www.ourcampaigns.com/CandidateDetail.html?CandidateID=408561,,clear_campaign_url_only,https://www.ourcampaigns.com/CandidateDetail.html?CandidateID=408561
13870,Simone Collins,Pennsylvania,State House,2024,150,general,https://pronatalist.org,,clear_campaign_url_only,https://pronatalist.org
15383,David Gill,Illinois,State House,2024,87,general,https://justicedemocrats.com,https://en.wikipedia.org/wiki/Justice_Democrats,clear_both,https://www.ourcampaigns.com/CandidateDetail.html?SetNow=Y&CandidateID=19315
14403,Joseph Perrotta,North Carolina,State House,2024,60,general,https://www.facebook.com/cecilbrockmanNCHouse/,https://en.wikipedia.org/wiki/Cecil_Brockman,clear_both,https://www.branch.vote/questionnaire-response/670843ec9fec7e920c1f623e
8945,Steven Reick,Illinois,State House,2024,63,general,http://steve463.com/,,clear_campaign_url_only,http://steve463.com/
8953,Michael Neil (Mike) Schultz,Utah,State House,2024,12,general,https://house.utleg.gov/rep/SCHULM/,,clear_campaign_url_only,https://house.utleg.gov/rep/SCHULM/
16157,Anthony Curran,Illinois,State House,2024,39,general,http://www.willguzzardi.com,https://en.wikipedia.org/wiki/Will_Guzzardi,clear_both,http://www.willguzzardi.com
9076,Deborah Andraca,Wisconsin,State House,2024,23,general,https://www.debforwi.com/,,clear_campaign_url_only,https://www.debforwi.com/
9120,Eric Werner Reschke,Oregon,State House,2024,55,general,https://wernerfororegon.com,,clear_campaign_url_only,https://wernerfororegon.com
9121,Vance Smith,Georgia,State House,2024,138,general,https://www.ourcampaigns.com/CandidateDetail.html?CandidateID=28704,,clear_campaign_url_only,https://www.ourcampaigns.com/CandidateDetail.html?CandidateID=28704
16423,Barbara Barber,Michigan,State House,2024,14,general,http://www.votemcfall.com/,https://en.wikipedia.org/wiki/Mike_McFall,clear_both,http://www.votemcfall.com/
9202,Lucia Wroblewski,Minnesota,State House,2024, 041A,general,https://waynejohnsonformn.com/,https://en.wikipedia.org/wiki/Wayne_Johnson_(Minnesota_politician),clear_both,https://waynejohnsonformn.com/
9203,Jason Morgan,Michigan,State House,2024,23,general,http://noahformi.com,https://en.wikipedia.org/wiki/Noah_Arbit,clear_both,https://housedems.com/jason-morgan/
16127,Joseph Wilson,Ohio,State House,2024,70,general,http://joemeansjobs.com,,clear_campaign_url_only,http://joemeansjobs.com
12199,David Simpson,Illinois,State House,2024,74,general,https://official-claudiacardinale.com,https://en.wikipedia.org/wiki/Claudia_Cardinale,clear_both,http://www.davidsimpson.com
9313,James A Barton,Pennsylvania,State House,2024,124,general,http://bioinf.cs.ucl.ac.uk/psipred,https://en.wikipedia.org/wiki/PSIPRED,clear_both,https://www.ourcampaigns.com/CandidateDetail.html?CandidateID=555476
15891,Blaine Griffin,Arizona,State House,2024,22,general,https://www.clevelandohio.gov/,https://en.wikipedia.org/wiki/Cleveland,clear_both,https://lykelect.com/post/blaine-bj-griffin/ac57e795-ad44-496b-a536-aa3e7e1555c3/
9517,Abdi Daisane,Minnesota,State House,2024, 014A,general,https://bernieperryman.com/,https://en.wikipedia.org/wiki/Bernie_Perryman,clear_both,https://www.daisaneformn.com/
12805,Lilia Caballero,Oregon,State House,2024,6,general,http://votekimwallan.com,https://en.wikipedia.org/wiki/Kim_Wallan,clear_both,http://votekimwallan.com
9451,Camille Lilly,Illinois,State House,2024,78,general,http://lashawnford.com,,clear_campaign_url_only,http://lashawnford.com
16128,Drew Mcilveen,Ohio,State House,2024,67,general,https://www.melaniemillerforohio.com/,https://en.wikipedia.org/wiki/Melanie_Miller_(politician),clear_both,https://justfacts.votesmart.org/candidate/political-courage-test/214037/drew-mcilveen
15483,Melissa Vandyke,Ohio,State House,2024,80,general,https://www.melaniemillerforohio.com/,https://en.wikipedia.org/wiki/Melanie_Miller_(politician),clear_both,https://vote-usa.org/Intro.aspx?State=OH&Id=OHVanDykeMelissa
9472,Robert E Craven Sr,Rhode Island,State House,2024,32,general,http://VoteBobCraven.com,https://en.wikipedia.org/wiki/Robert_Craven,clear_both,http://VoteBobCraven.com
16168,Craig Astor,Kentucky,State House,2024,24,general,http://www.ourcampaigns.com/ContainerDetail.html?ContainerID=29,https://en.wikipedia.org/wiki/2012_United_States_House_of_Representatives_elections_in_Kentucky,clear_both,https://vote-usa.org/Intro.aspx?State=KY&Id=KYAstorCraigR
15821,Sharonda Bell,Georgia,State House,2024,118,general,https://www.ourcampaigns.com/CandidateDetail.html?CandidateID=248902,https://en.wikipedia.org/wiki/Susan_Holmes_(politician),clear_both,https://www.branch.vote/races/2024-georgia-primary-election-ga-state-state-representative-ga-house-118-d/candidates/sharonda-bell
15091,Wayne Borders,South Carolina,State House,2024,89,general,http://www.micahcaskey.com,https://en.wikipedia.org/wiki/Micah_Caskey,clear_both,http://www.micahcaskey.com
15034,Bill Swann,Utah,State House,2024,31,general,https://www.voteverona.com,https://en.wikipedia.org/wiki/Verona_Mauga,clear_both,https://www.voteverona.com
14607,Eileen Wilson-Longstreet,Tennessee,State House,2024,64,general,http://laineywilson.com,https://en.wikipedia.org/wiki/Lainey_Wilson,clear_both,https://electjon.com/
14269,Melody Cartwright,Virginia,State House,2024,48,general,http://www.ericphillipsforva.com,https://en.wikipedia.org/wiki/Eric_Phillips_(politician),clear_both,
15218,Kate Creech,South Carolina,State House,2024,120,general,https://sc.gov,https://en.wikipedia.org/wiki/South_Carolina,clear_both,https://www.votekatecreech.com
14805,Jr Taylor,South Carolina,State House,2024,38,general,https://sc.gov,https://en.wikipedia.org/wiki/South_Carolina,clear_both,https://bluevoterguide.org/SC/candidate_JR_Taylor/547527
10430,Caleb Steffenhagen,Minnesota,State House,2024, 048B,general,https://www.lucyrehm.com/,https://en.wikipedia.org/wiki/Lucy_Rehm,clear_both,https://calebformn.com/
9639,Lindsay James,Iowa,State House,2024,71,general,http://scholtenforiowa.com,https://en.wikipedia.org/wiki/J._D._Scholten,clear_both,http://lindsayforiowa.com
10467,Robert Henderson,Iowa,State House,2024,2,general,http://scholtenforiowa.com,https://en.wikipedia.org/wiki/J._D._Scholten,clear_both,http://scholtenforiowa.com
12379,Elizabeth Wilson,Iowa,State House,2024,73,general,http://scholtenforiowa.com,https://en.wikipedia.org/wiki/J._D._Scholten,clear_both,https://www.elizabethwilsonforiowa.com/
9642,Philip A Palmesano,New York,State House,2024,132,general,http://assembly.state.ny.us/mem/?ad=132,,clear_campaign_url_only,http://assembly.state.ny.us/mem/?ad=132
9664,Pete Radosevich,Minnesota,State House,2024, 011A,general,https://www.dotsethmn.com/,https://en.wikipedia.org/wiki/Jeff_Dotseth,clear_both,https://www.dotsethmn.com/
9704,Richard Sanders,South Carolina,State House,2024,9,general,https://www.ameliaearhart.com/,https://en.wikipedia.org/wiki/Amelia_Earhart,clear_both,https://www.voteblakesanders.com/
9757,Penny Shaw,Texas,State House,2024,148,general,https://www.harriscountytx.gov/,"https://en.wikipedia.org/wiki/Harris_County,_Texas",clear_both,https://www.voteforpenny.com/
13482,Keith Block,South Dakota,State House,2024,14,general,http://www.eastbrookfieldma.us/,"https://en.wikipedia.org/wiki/East_Brookfield,_Massachusetts",clear_both,https://web.archive.org/web/20061004192141/http://uspolitics.einnews.com/2006-midterm-elections
12131,Laurie Wolfe,Minnesota,State House,2024, 037A,general,http://kristinrobbinsmn.com/,https://en.wikipedia.org/wiki/Kristin_Robbins,clear_both,https://www.wolfe4mn.com/priorities-1
10480,Alexander Kolodin,Arizona,State House,2024,3,general,http://alexforaz.com,,clear_campaign_url_only,http://alexforaz.com
12551,Diane Jackson,Georgia,State House,2024,42,general,https://www.sanchezforgeorgia.com/,https://en.wikipedia.org/wiki/Gabriel_Sanchez_(politician),clear_both,https://web.archive.org/web/20070102235223/http://www.newsmeat.com/washington_political_donations/Andrew_Young.php
10832,Josh Powell,Michigan,State House,2024,25,general,http://nba.com/warriors,https://en.wikipedia.org/wiki/Golden_State_Warriors,clear_both,https://nottinghamforest.co.uk
9844,Philip R Ramos,New York,State House,2024,6,general,http://assembly.state.ny.us/mem/?ad=006,,clear_campaign_url_only,http://assembly.state.ny.us/mem/?ad=006
10045,Angela Choberka,Utah,State House,2024,9,general,https://www.jakeforweber.com/,https://en.wikipedia.org/wiki/Jake_Sawyer,clear_both,https://www.jakeforweber.com/
9892,Kim Zito,Kansas,State House,2024,67,general,https://angelroeserkansas.com/,https://en.wikipedia.org/wiki/Angelina_Roeser,clear_both,https://kimzito.com
9896,Julia C Howard,North Carolina,State House,2024,77,general,http://www.opensecrets.org/races/summary.php?id=NCS1&cycle=2014,https://en.wikipedia.org/wiki/2014_United_States_Senate_election_in_North_Carolina,clear_both,http://www.opensecrets.org/races/summary.php?id=NCS1&cycle=2014
9903,Michael A Gottlieb,Florida,State House,2024,102,general,https://www.browardcriminallawyer.com/,,clear_campaign_url_only,https://www.browardcriminallawyer.com/
9917,Anna Kelles,New York,State House,2024,125,general,http://assembly.state.ny.us/mem/?ad=125,,clear_campaign_url_only,http://assembly.state.ny.us/mem/?ad=125
9958,Jj Grow,Florida,State House,2024,23,general,https://www.flhouse.gov/Sections/Representatives/custom/details.aspx?MemberId=4909&LegislativeTermId=91,,clear_campaign_url_only,https://www.flhouse.gov/Sections/Representatives/custom/details.aspx?MemberId=4909&LegislativeTermId=91
16417,Martin Church,Michigan,State House,2024,32,general,https://senatedems.com/irwin/,https://en.wikipedia.org/wiki/Jeff_Irwin_(politician),clear_both,https://lykelect.com/post/martin-a-church/0ba04670-87f8-4539-85a0-8ad35c8fd9c2/
13399,Perry Nouis,Minnesota,State House,2024, 042B,general,https://www.ginnyklevorn.com/,https://en.wikipedia.org/wiki/Ginny_Klevorn,clear_both,https://ivoterguide.com/voter-guide/eleck/1122
10077,Nily D Rozic,New York,State House,2024,25,general,http://assembly.state.ny.us/mem/?ad=025,,clear_campaign_url_only,http://assembly.state.ny.us/mem/?ad=025
10110,Stan Vaughan,Nevada,State House,2024,20,general,http://assemblymananderson.com,https://en.wikipedia.org/wiki/Elliot_Anderson_(politician),clear_both,http://assemblymananderson.com
16318,Leslie Smith,Maine,State House,2024,126,general,https://www.lesleyforco.com/,,clear_campaign_url_only,https://www.lesleyforco.com/
13356,Hannah Trebas,Montana,State House,2024,19,general,https://weberforhd19.com/,https://en.wikipedia.org/wiki/Jane_Weber,clear_both,https://weberforhd19.com/
14061,Maggie Shaw,Idaho,State House,2024, 035-POSITION B,general,https://www.wheelerforidaho.com,https://en.wikipedia.org/wiki/Josh_Wheeler_(politician),clear_both,https://idahovoters.com/person/maggie-shaw/
10227,Ann Bollin,Michigan,State House,2024,49,general,https://www.ourcampaigns.com/CandidateDetail.html?CandidateID=413195,,clear_campaign_url_only,https://www.ourcampaigns.com/CandidateDetail.html?CandidateID=413195
16553,Sharon Anderson,Minnesota,State House,2024, 067B,general,http://www.jayforhouse.com/,https://en.wikipedia.org/wiki/Jay_Xiong,clear_both,https://sharonsenate64.blogspot.com/
10759,Deborah Flowers,Kentucky,State House,2024,60,general,https://proctorky.com/,https://en.wikipedia.org/wiki/Marianne_Proctor,clear_both,https://proctorky.com/
14603,Angela Kennedy,Montana,State Senate,2024,3,general,https://www.courtenayforkalispell.com,https://en.wikipedia.org/wiki/Courtenay_Sprunger,clear_both,https://www.montana-sd3-for-ange.com/
10312,Edward O Delaney,Indiana,State House,2024,86,general,https://www.ire.org/,https://en.wikipedia.org/wiki/Investigative_Reporters_and_Editors,clear_both,http://www.eddelaney.org/
10858,Mike Coverdale,Washington,State House,2024, 019-POSITION 1,general,http://www.opensecrets.org/races/election.php?state=VA&cycle=2016,https://en.wikipedia.org/wiki/2016_United_States_House_of_Representatives_elections_in_Washington,clear_both,http://www.opensecrets.org/races/election.php?state=VA&cycle=2016
13631,Jean Lee,Minnesota,State House,2024, 054B,general,https://www.benbakebergmn.com/,https://en.wikipedia.org/wiki/Ben_Bakeberg,clear_both,https://leeforminnesota.org
13362,Angela Zorn,Minnesota,State House,2024, 056A,general,https://www.electrobertbierman.com/,https://en.wikipedia.org/wiki/Robert_Bierman_(politician),clear_both,http://tateformichigan.com
14365,David J Murphy,Wisconsin,State House,2024,56,general,http://www.legis.state.wi.us/w3asp/contact/legislatorpages.aspx?house=Assembly&district=23,,clear_campaign_url_only,http://www.legis.state.wi.us/w3asp/contact/legislatorpages.aspx?house=Assembly&district=23
13402,Jensen Jennings,South Carolina,State House,2024,81,general,https://www.charliehartz.com/,https://en.wikipedia.org/wiki/Charles_Hartz,clear_both,https://www.jensenjennings.com/
15644,Joseph Lenzi,Pennsylvania,State House,2024,183,general,https://www.repmako.com/,https://en.wikipedia.org/wiki/Zach_Mako,clear_both,https://progressivevotersguide.com/pennsylvania/2024/general/joe-lenzi?language_content_entity=en
13679,Joseph Rooney,Pennsylvania,State House,2024,153,general,http://www.ourcampaigns.com/ContainerDetail.html?ContainerID=36,https://en.wikipedia.org/wiki/2012_United_States_House_of_Representatives_elections_in_Pennsylvania,clear_both,https://lykelect.com/post/joseph-j-rooney/5c3cfbbb-859f-4f6f-b6da-f33e131bdb64/
12125,Susan Sawin,North Carolina,State House,2024,1,general,http://sarahfornc.com,https://en.wikipedia.org/wiki/Sarah_Crawford_(politician),clear_both,https://susansawin.com
10484,Gregory M Davids,Minnesota,State House,2024, 026B,general,https://www.house.leg.state.mn.us/members/profile/10123,,clear_campaign_url_only,https://www.house.leg.state.mn.us/members/profile/10123
12214,Allie Wolf,Minnesota,State House,2024, 026B,general,https://www.house.leg.state.mn.us/members/profile/10123,https://en.wikipedia.org/wiki/Greg_Davids,clear_both,https://www.alliewolfformnhouse.org/
10489,Thomas Peterson,Utah,State House,2024,1,general,https://house.utleg.gov/rep/PETERT/,,clear_campaign_url_only,https://house.utleg.gov/rep/PETERT/
10926,Veda Kanitz,Minnesota,State House,2024, 057A,general,https://www.jonkoznick.com/,https://en.wikipedia.org/wiki/Jon_Koznick,clear_both,https://www.jonkoznick.com/
10581,Jesse G Brown,Massachusetts,State House,2024, FIRST PLYMOUTH,general,https://www.ourcampaigns.com/ContainerDetail.html?ContainerID=41,https://en.wikipedia.org/wiki/Politics_of_Massachusetts,clear_both,https://lykelect.com/post/jesse-g-brown/4fd6fb4d-6b18-451f-a4be-e00023acc8bd/
13987,Jonathan Wilshire Gill,Massachusetts,State House,2024, NINTH PLYMOUTH,general,https://www.ourcampaigns.com/ContainerDetail.html?ContainerID=41,https://en.wikipedia.org/wiki/Politics_of_Massachusetts,clear_both,https://electjon.com/
13442,Maura Cruz Lanz,Florida,State House,2024,64,general,https://valdes4house62.nationbuilder.com/,https://en.wikipedia.org/wiki/Susan_Valdes,clear_both,https://valdes4house62.nationbuilder.com/
10935,Patty Bradway,Minnesota,State House,2024, 036B,general,https://www.brioncurran.com/,https://en.wikipedia.org/wiki/Brion_Curran,clear_both,https://www.bradway4house.com/
13606,Kt Jacobs,Minnesota,State House,2024, 039B,general,https://www.jacobforthepeople.com/,https://en.wikipedia.org/wiki/Steven_Jacob,clear_both,https://ivoterguide.com/candidate/82315/race/12195/election/1249
15183,Nancy A Valdez,Hawaii,State House,2024,31,general,http://lindaichiyama.com,https://en.wikipedia.org/wiki/Linda_Ichiyama,clear_both,https://www.ourcampaigns.com/CandidateDetail.html?CandidateID=648051
10676,Andrew D Hevesi,New York,State House,2024,28,general,http://assembly.state.ny.us/mem/?ad=028,,clear_campaign_url_only,http://assembly.state.ny.us/mem/?ad=028
11848,Owen Michaelson,Minnesota,State House,2024, 050A,general,https://www.greeneforminnesota.com/,https://en.wikipedia.org/wiki/Julie_Greene_(politician),clear_both,https://www.greeneforminnesota.com/
10712,Frank Burns,Delaware,State House,2024,21,general,https://changeforthe21st.org/,,clear_campaign_url_only,https://changeforthe21st.org/
16108,Ryan Intchauspe,Arkansas,State House,2024,24,general,http://arkansas.gov,https://en.wikipedia.org/wiki/Arkansas,clear_both,https://vote-usa.org/Intro.aspx?State=AR&Id=ARIntchauspeRyan
16422,Gary Gardner,Michigan,State House,2024,15,general,https://www.barrygardiner.com/,https://en.wikipedia.org/wiki/Barry_Gardiner,clear_both,https://www.gardnerforstaterep.com/
10737,Michael P Kushmerek,Massachusetts,State House,2024, THIRD WORCESTER,general,https://www.mike4rep.com/about-mike,,clear_campaign_url_only,https://www.mike4rep.com/about-mike
13501,Brendan Magee,South Carolina,State House,2024,119,general,http://governor.sc.gov,https://en.wikipedia.org/wiki/List_of_governors_of_South_Carolina,clear_both,https://www.mageesc119.com/
11782,Brian Gonzales,Wisconsin,State House,2024,65,general,http://bryansteil.com,https://en.wikipedia.org/wiki/Bryan_Steil,clear_both,http://bryansteil.com
10804,Peter Johnson,Minnesota,State House,2024, 008A,general,https://votepete8a.com/,,clear_campaign_url_only,https://votepete8a.com/
16545,Aaron M Brooksby,Minnesota,State House,2024, 053B,general,https://www.votehansen.com/,https://en.wikipedia.org/wiki/Rick_Hansen_(politician),clear_both,https://www.ourcampaigns.com/CandidateDetail.html?CandidateID=648341
10831,Kenneth D Blankenbush,New York,State House,2024,117,general,http://assembly.state.ny.us/mem/?ad=117,,clear_campaign_url_only,http://assembly.state.ny.us/mem/?ad=117
10847,Wendi Russo,Minnesota,State House,2024, 049B,general,https://www.carlieforhouse.com/,https://en.wikipedia.org/wiki/Carlie_Kotyza-Witthuhn,clear_both,https://www.russoformn.com/
15654,Noah Kreischer,Pennsylvania,State House,2024,89,general,http://repkauffman.com,https://en.wikipedia.org/wiki/Rob_Kauffman_(politician),clear_both,https://vote-usa.org/CompareCandidates.aspx?State=PA&Election=PA20241105GA&Office=PAStateHouse89
13351,Nathan Kells,Minnesota,State House,2024, 048A,general,http://jimnashformn.com,https://en.wikipedia.org/wiki/Jim_Nash_(politician),clear_both,http://jimnashformn.com
13968,Steve Merriman,Minnesota,State House,2024, 043B,general,https://mikefreiberg.com/,https://en.wikipedia.org/wiki/Mike_Freiberg,clear_both,https://steve4mnhouse.com/
12614,George Rattay,Pennsylvania,State House,2024,51,general,https://www.repgrimmkrupa.com/,https://en.wikipedia.org/wiki/Charity_Grimm_Krupa,clear_both,https://www.repgrimmkrupa.com/
11792,Heather Arndt,Minnesota,State House,2024, 020A,general,https://www.pamaltendorf.com/,https://en.wikipedia.org/wiki/Pam_Altendorf,clear_both,https://www.heatherforhouse20a.org/
11050,Stacy L Bettison,Minnesota,State House,2024, 049A,general,https://www.alexforhouse.org/,https://en.wikipedia.org/wiki/Alex_Falconer_(American_politician),clear_both,https://www.bettison.com/crisis-communications-social-media-tradition-rules/
13308,Joni Tschetter,South Dakota,State House,2024,15,general,http://kadynforhouse.com,https://en.wikipedia.org/wiki/Kadyn_Wittman,clear_both,http://kadynforhouse.com
13540,Brad Lindwurm,South Dakota,State House,2024,15,general,http://kadynforhouse.com,https://en.wikipedia.org/wiki/Kadyn_Wittman,clear_both,https://www.ourcampaigns.com/CandidateDetail.html?CandidateID=472818
13271,Kris Campbell,Utah,State House,2024,4,general,https://www.tiara4utah.com/,https://en.wikipedia.org/wiki/Tiara_Auxier,clear_both,https://www.tiara4utah.com/
15798,Alexander M Homich,Delaware,State House,2024,19,general,http://marieforsenate.com,https://en.wikipedia.org/wiki/Marie_Pinkney,clear_both,http://marieforsenate.com
11084,Steven Winter,Connecticut,State House,2024,94,general,https://www.steveforstaterep.com/,,clear_campaign_url_only,https://www.steveforstaterep.com/
16551,Fadil Jama,Minnesota,State House,2024, 066A,general,https://www.leighformn.com/,https://en.wikipedia.org/wiki/Leigh_Finke,clear_both,https://www.eastmetrovoterguide.com/fadil-jama.html
13955,Kenneth Smoron,Minnesota,State House,2024, 059B,general,https://www.estheragbaje.com,https://en.wikipedia.org/wiki/Esther_Agbaje,clear_both,https://www.estheragbaje.com
15538,Kevin Anderson,Wisconsin,State House,2024,18,general,https://www.votearney.com/,https://en.wikipedia.org/wiki/Margaret_Arney,clear_both,https://www.votekevinanderson.com/news/announcement_2024/
15196,Keikilani Ho,Hawaii,State House,2024,4,general,https://repilagan.com/,https://en.wikipedia.org/wiki/Greggor_Ilagan,clear_both,https://www.keikilaniforhawaii.com/
12678,Shawn Savela,Minnesota,State House,2024, 008B,general,https://alicia-for-duluth.com/,https://en.wikipedia.org/wiki/Liish_Kozlowski,clear_both,https://shawnsavela.com/blog/savela-candidate-article-minnesota-house-8b-election-2024
11804,Kyle Kehoe,Wisconsin,State House,2024,55,general,https://www.gus4.us/,https://en.wikipedia.org/wiki/Nate_Gustafson,clear_both,https://www.gus4.us/
12467,Bob Gust,Minnesota,State House,2024, 050B,general,https://www.elkinsforhouse.com/,https://en.wikipedia.org/wiki/Steve_Elkins_(politician),clear_both,https://bobgust.com
11355,Rob Kreibrich,Wisconsin,State House,2024,28,general,https://www.kreibichforassembly.com/,https://en.wikipedia.org/wiki/Robin_Kreibich,clear_both,https://www.kreibichforassembly.com/
16515,Seth Haskin,Wisconsin,State House,2024,28,general,https://web.archive.org/web/20240814120220/https://rothforwisconsin.com/,https://en.wikipedia.org/wiki/Roger_Roth,clear_both,https://sethhaskinforgover.wixsite.com/seth4wi
11302,Michael W Chippendale,Rhode Island,State House,2024,40,general,http://repchip.com,,clear_campaign_url_only,http://repchip.com
17125,Linda Rayburn,Michigan,State House,2024,7,general,http://voteaiyash.com,https://en.wikipedia.org/wiki/Abraham_Aiyash,clear_both,https://bluevoterguide.org/district/MI/Michigan_House_of_Representatives_District_7/18029/
11728,Melissa Osborne,Connecticut,State House,2024,16,general,https://meolaw.com/,,clear_campaign_url_only,https://meolaw.com/
11823,John Bristol,Minnesota,State House,2024, 037B,general,https://www.bahnerforhouse.com/,https://en.wikipedia.org/wiki/Kristin_Bahner,clear_both,https://www.bahnerforhouse.com/
11404,Ben Davis,Minnesota,State House,2024, 006A,general,https://www.house.leg.state.mn.us/members/profile/15594,,clear_campaign_url_only,https://www.house.leg.state.mn.us/members/profile/15594
14426,Sara Cimmers,Utah,State House,2024,45,general,https://www.tracyforutah.com/,https://en.wikipedia.org/wiki/Tracy_Miller_(politician),clear_both,https://bluevoterguide.org/endorser-org/Utah_Democratic_Party/UT/3969
15469,Arik Dougherty,Colorado,State House,2024,20,general,http://paullundeen.org,https://en.wikipedia.org/wiki/Paul_Lundeen,clear_both,https://votesafe.org/candidate/12c77d5e-60f8-4e77-8e96-6b7ff6919167
11492,Mark Hart,Kentucky,State House,2024,78,general,http://supertramp.com,https://en.wikipedia.org/wiki/Supertramp,clear_both,https://justfacts.votesmart.org/candidate/148992/mark-hart
14314,Pamela Goode,Alaska,State House,2024,36,general,https://www.schwankeforstatehouse.com/,https://en.wikipedia.org/wiki/Rebecca_Schwanke,clear_both,https://ivoterguide.com/candidate/82445/race/15051/election/1091?culture=en-us
11496,Reynaldo Rey Martinez,Georgia,State House,2024,111,general,https://www.rey4ga.com/,,clear_campaign_url_only,https://www.rey4ga.com/
12988,Tim Dummer,Minnesota,State House,2024, 028A,general,https://www.jimmyforhouse.com/,https://en.wikipedia.org/wiki/Jimmy_Gordon_(politician),clear_both,https://www.mass.gov/person/kim-driscoll-lieutenant-governor
11532,Michael J Fitzpatrick,New York,State House,2024,8,general,https://assembly.state.ny.us/mem/?ad=008,,clear_campaign_url_only,https://assembly.state.ny.us/mem/?ad=008
14798,Lisa Barker,Indiana,State House,2024,68,general,http://www.bakerforsenate.com/,https://en.wikipedia.org/wiki/Lisa_Baker_(Pennsylvania_politician),clear_both,https://bluevoterguide.org/district/IN/Indiana_House_of_Representatives_District_68/10942/
11611,Melissa Longo,Connecticut,State House,2024,134,general,http://housedems.ct.gov/Keitt,https://en.wikipedia.org/wiki/Sarah_Keitt,clear_both,http://joevogel.org
11607,Rafael Irizarry,Connecticut,State House,2024,121,general,http://rafalab.org,,clear_campaign_url_only,http://rafalab.org
16917,Fritz Blau,Connecticut,State House,2024,145,general,https://www.patbilliemiller.com/,https://en.wikipedia.org/wiki/Patricia_Billie_Miller,clear_both,https://www.patbilliemiller.com/
13732,Rod Sylvester,Minnesota,State House,2024, 039A,general,https://erinformn.com/,https://en.wikipedia.org/wiki/Erin_Koegel,clear_both,https://www.rod4house.com/
12403,Wes Lund,Minnesota,State House,2024, 025B,general,https://www.andysmithmn.com/,https://en.wikipedia.org/wiki/Andy_Smith_(Minnesota_politician),clear_both,https://weslund.org
12600,Paul Wikstrom,Minnesota,State House,2024, 040B,general,https://www.david-gottfried.com/,https://en.wikipedia.org/wiki/David_Gottfried_(politician),clear_both,
12754,Liz Rosenbaum,Colorado,State House,2024,21,general,https://www.marybradfield.com/,https://en.wikipedia.org/wiki/Mary_Bradfield,clear_both,https://lizrosenbaumco.com
15987,Mike Munger,North Carolina,State House,2024,40,general,https://ideas.repec.org/e/pmu54.html.html,,clear_campaign_url_only,https://ideas.repec.org/e/pmu54.html.html
11861,Bob Nicholas,Wyoming,State House,2024,7,general,https://web.archive.org/web/20110219113408/http://legisweb.state.wy.us/LegislatorSummary/LegDetail.aspx?LegID=1980,,clear_campaign_url_only,https://web.archive.org/web/20110219113408/http://legisweb.state.wy.us/LegislatorSummary/LegDetail.aspx?LegID=1980
15597,Crystal Davis,North Carolina,State House,2024,61,general,http://priceyharrison.org/,https://en.wikipedia.org/wiki/Pricey_Harrison,clear_both,http://priceyharrison.org/
16987,Kristan Tilton,New Hampshire,State House,2024, CHESHIRE 017,general,https://kristinnoble.com/,https://en.wikipedia.org/wiki/Kristin_Noble,clear_both,https://bluevoterguide.org/NH/candidate_Kristan_Tilton/560999
12630,Joseph Pacovsky,Minnesota,State House,2024, 023B,general,https://www.muellerforminnesota.com/home.html,https://en.wikipedia.org/wiki/Patricia_Mueller,clear_both,https://www.joepacovsky.com/
13253,Todd Hesemann,Minnesota,State House,2024, 043A,general,http://cedrickfrazier.org,https://en.wikipedia.org/wiki/Cedrick_Frazier,clear_both,https://www.cedrickfrazier.org/
12644,Marie Librizzi,Pennsylvania,State House,2024,77,general,https://psucollegerepublicans.org,https://en.wikipedia.org/wiki/Penn_State_College_Republicans,clear_both,https://marieforpa77.com/
16552,Scott Hesselgrave,Minnesota,State House,2024, 067A,general,https://www.lizlee.org/,https://en.wikipedia.org/wiki/Liz_Lee_(politician),clear_both,https://onyourballot.vote411.org/m/race-detail.do?id=26931625
13841,James Sceville,Minnesota,State House,2024, 001A,general,https://www.burkelforhouse.com,https://en.wikipedia.org/wiki/John_Burkel,clear_both,https://www.scevilleformn.com/
14223,Stephanos Freeman,Missouri,State House,2024,132,general,https://www.upballot.com/jeremy-dean,https://en.wikipedia.org/wiki/Jeremy_Dean_(politician),clear_both,https://www.upballot.com/jeremy-dean
15924,Sara Dux,North Dakota,State House,2024,28,general,https://www.opensecrets.org/states/ND,https://en.wikipedia.org/wiki/North_Dakota_House_of_Representatives,clear_both,https://www.opensecrets.org/states/ND
12996,Dan Ruby,North Dakota,State House,2024,38,general,https://www.opensecrets.org/states/ND,https://en.wikipedia.org/wiki/North_Dakota_House_of_Representatives,clear_both,https://ivoterguide.com/candidate/81107/race/20464/election/1108?culture=en-us
14700,Dori Hauck,North Dakota,State House,2024,36,general,https://www.opensecrets.org/states/ND,https://en.wikipedia.org/wiki/North_Dakota_House_of_Representatives,clear_both,https://onyourballot.vote411.org/race-detail.do?id=3324525
15945,Jessica Wright,Alaska,State House,2024,28,general,https://mooreforak.com/,https://en.wikipedia.org/wiki/Elexie_Moore,clear_both,https://jessicaforalaska.weebly.com/
12060,Edward S (Ed) Osienski,Delaware,State House,2024,24,general,http://goeddieo.com,,clear_campaign_url_only,http://goeddieo.com
16578,Briana Hughes,Florida,State House,2024,14,general,https://brianforflorida.com/,https://en.wikipedia.org/wiki/Brian_Hodgers,clear_both,https://brianforflorida.com/
12134,Troy Shelley,Utah,State House,2024,66,general,https://www.utahhouse.org/,,clear_campaign_url_only,https://www.utahhouse.org/
12415,Brian Nielson,Utah,State House,2024,66,general,https://www.utahhouse.org/,https://en.wikipedia.org/wiki/Troy_Shelley,clear_both,https://www.utahhouse.org/
12177,Christopher S Friend,New York,State House,2024,124,general,http://assembly.state.ny.us/mem/?ad=124,,clear_campaign_url_only,http://assembly.state.ny.us/mem/?ad=124
12191,Pete Elverum,Montana,State House,2024,82,general,https://www.legmt.gov/legislators/1333/,,clear_campaign_url_only,https://www.legmt.gov/legislators/1333/
12217,Leon Michael Lillie,Minnesota,State House,2024, 044B,general,https://www.house.leg.state.mn.us/members/profile/15553,,clear_campaign_url_only,https://www.house.leg.state.mn.us/members/profile/15553
15741,Tj Hawthorne,Minnesota,State House,2024, 044B,general,https://www.house.leg.state.mn.us/members/profile/15553,https://en.wikipedia.org/wiki/Leon_Lillie,clear_both,https://www.house.leg.state.mn.us/members/profile/15553
15344,Joshua Sorensen,Utah,State House,2024,58,general,https://www.david4utah.com/,https://en.wikipedia.org/wiki/David_Shallenberger,clear_both,https://www.david4utah.com/
12917,Marisa Ulmen,Minnesota,State House,2024, 022A,general,http://bjornolsonformn.com,https://en.wikipedia.org/wiki/Bjorn_Olson,clear_both,https://ulmenforhouse.org/
15914,Tamara Lesnar,South Dakota,State House,2024,1,general,http://johnthune.com,https://en.wikipedia.org/wiki/John_Thune,clear_both,http://johnthune.com
14588,Del A Schmechel,Wisconsin,State House,2024,98,general,https://jimforwi.com/,https://en.wikipedia.org/wiki/Jim_Piwowarczyk,clear_both,https://www.ourcampaigns.com/CandidateDetail.html?CandidateID=647524
12269,Douglas Wozniak,Michigan,State House,2024,59,general,http://macombcountyrealestateattorney.com/,,clear_campaign_url_only,http://macombcountyrealestateattorney.com/
12809,Gregg Lindner,Delaware,State House,2024,4,general,https://www.vote4jeff.net/meet-jeff,https://en.wikipedia.org/wiki/Jeff_Hilovsky,clear_both,https://www.vote4jeff.net/meet-jeff
13043,Teresa Whitson,Minnesota,State House,2024, 047A,general,https://amandaformnhouse.com/,https://en.wikipedia.org/wiki/Amanda_Hemmingsen-Jaeger,clear_both,https://www.whitsonforhouse.com/
16326,Shana Tremaine,Idaho,State House,2024, 010-POSITION B,general,http://youngbloodforidaho.com,https://en.wikipedia.org/wiki/Rick_Youngblood,clear_both,http://youngbloodforidaho.com
12435,Danny Mathis,Georgia,State House,2024,133,general,https://www.ourcampaigns.com/CandidateDetail.html?CandidateID=408557,,clear_campaign_url_only,https://www.ourcampaigns.com/CandidateDetail.html?CandidateID=408557
15221,Ellace Henderson,Kansas,State House,2024,110,general,http://traceymann.com,https://en.wikipedia.org/wiki/Tracey_Mann,clear_both,https://vote-usa.org/Intro.aspx?State=KS&Id=KSHendersonEllace
13406,Sandra Pinsonault,Vermont,State House,2024, BENNINGTON-RUTLAND,general,https://www.sandy4vt.com/,,clear_campaign_url_only,https://www.sandy4vt.com/
12620,Emma Carpenter,Montana,State House,2024,46,general,http://www.biblebee.org/,https://en.wikipedia.org/wiki/National_Bible_Bee,clear_both,https://contactgovernors.com/states/montana/emma-kerr-carpenter/
12674,Eunice Lehmacher,South Carolina,State House,2024,3,general,https://phillipbowers.com/index.html#/,https://en.wikipedia.org/wiki/Phillip_Bowers,clear_both,https://www.phillipbowers.com
12708,Kenneth Collins,Kansas,State House,2024,2,general,https://www.kenforkansas.net/,,clear_campaign_url_only,https://www.kenforkansas.net/
12717,Linda Morse,Kansas,State House,2024,51,general,https://kslegislature.gov/li/b2025_26/members/rep_steele_megan_1/,https://en.wikipedia.org/wiki/Megan_Steele,clear_both,https://kslegislature.gov/li/b2025_26/members/rep_steele_megan_1/
15388,Karen I Spalding,Missouri,State House,2024,19,general,https://www.upballot.com/Wick-Thomas/,https://en.wikipedia.org/wiki/Wick_Thomas,clear_both,https://www.upballot.com/Wick-Thomas/
12789,Debra Marie Sarinana,New Mexico,State House,2024,21,general,https://web.archive.org/web/20161005032929/http://debbieforhd21.nationbuilder.com/,,clear_campaign_url_only,https://web.archive.org/web/20161005032929/http://debbieforhd21.nationbuilder.com/
16310,Tony Ullrich,Idaho,State House,2024, 008-POSITION B,general,https://fayethompson4idaho.com/,https://en.wikipedia.org/wiki/Faye_Thompson,clear_both,https://idahovoters.com/person/tony-ullrich/
16524,Kevan Myers,Kansas,State House,2024,37,general,https://www.heatherforkansashouse.com,https://en.wikipedia.org/wiki/Heather_Meyer,clear_both,https://kevanforkansas.mystrikingly.com/
14099,Izzy Hassey Nevarez,Wisconsin,State House,2024,38,general,http://www.votemarkborn.com/,https://en.wikipedia.org/wiki/Mark_Born,clear_both,http://www.votemarkborn.com/
13121,Laura M Hurley Kimble,West Virginia,State House,2024,71,general,http://mooreforwv.com,https://en.wikipedia.org/wiki/Riley_Moore,clear_both,https://kim.com/
13137,Jana Hunt,South Dakota,State House,2024, 028A,general,https://www.terrijorgenson.com/,,clear_campaign_url_only,https://www.terrijorgenson.com/
13176,David F Bedey,Montana,State House,2024,86,general,https://www.ourcampaigns.com/ContainerDetail.html?ContainerID=2314,https://en.wikipedia.org/wiki/List_of_Montana_State_Representatives,clear_both,https://www.davidbedey.com
15704,Joanne R Forti,Rhode Island,State House,2024,34,general,http://ri.gov,https://en.wikipedia.org/wiki/Rhode_Island,clear_both,https://www.ourcampaigns.com/CandidateDetail.html?CandidateID=663841
15006,Kimberly Titlebaum,North Carolina,State House,2024,80,general,http://timmoorenc.com,https://en.wikipedia.org/wiki/Tim_Moore_(North_Carolina_politician),clear_both,https://web.archive.org/web/20230405171139/https://www.triciacotham.org/
14595,Jazz Alexis,Idaho,State House,2024, 017-POSITION B,general,http://gov.idaho.gov,https://en.wikipedia.org/wiki/List_of_governors_of_Idaho,clear_both,https://www.jazz4idaho.com
15662,Dennis Grindel,Kansas,State House,2024,31,general,http://bufvc.ac.uk/dvdfind/index.php/title/14553,https://en.wikipedia.org/wiki/Dennis_Moore_(politician),clear_both,https://www.grindel4kshouse.com/
13509,Kimberly Haggan,Maine,State House,2024,36,general,https://www.kimforme.com/,,clear_campaign_url_only,https://www.kimforme.com/
13427,Nina Webber,Wyoming,State House,2024,24,general,https://wyoleg.gov/Legislators/2025/H/2123,,clear_campaign_url_only,https://wyoleg.gov/Legislators/2025/H/2123
13971,Russell White,Maine,State House,2024,13,general,https://www.russformaine.com/,,clear_campaign_url_only,https://www.russformaine.com/
13721,Mike Cameron,Georgia,State House,2024,1,general,https://www.ourcampaigns.com/CandidateDetail.html?CandidateID=468954,,clear_campaign_url_only,https://www.ourcampaigns.com/CandidateDetail.html?CandidateID=468954
13735,Linda B Rosenthal,New York,State House,2024,67,general,https://assembly.state.ny.us/mem/?ad=067,,clear_campaign_url_only,https://assembly.state.ny.us/mem/?ad=067
16958,Ervin Sabic,Iowa,State House,2024,62,general,http://joniernst.com,https://en.wikipedia.org/wiki/Joni_Ernst,clear_both,https://bluevoterguide.org/district/IA/Iowa_House_of_Representatives_District_62/13374/174
16120,Derek Alvarado,Ohio,State House,2024,74,general,https://ohio.gov,https://en.wikipedia.org/wiki/Ohio,clear_both,https://bluevoterguide.org/OH/candidate_Derek_Alvarado/527574
13919,Daniel Sayre,Maine,State House,2024,135,general,https://www.dan4maine.com,,clear_campaign_url_only,https://www.dan4maine.com
14062,Scott Williams,Maine,State House,2024,54,general,https://unc.edu,https://en.wikipedia.org/wiki/University_of_North_Carolina_at_Chapel_Hill,clear_both,https://unc.edu
13943,Laurie E York,Maine,State House,2024,29,general,http://maine.gov,https://en.wikipedia.org/wiki/Maine,clear_both,http://maine.gov
16012,Riche Colcombe,New Hampshire,State House,2024, HILLSBOROUGH 030,general,https://www.congressweb.com/tsepublicresources/legislators/info/mbr_id/5154/,,clear_campaign_url_only,https://www.congressweb.com/tsepublicresources/legislators/info/mbr_id/5154/
14112,Debra Lynn Powers,Vermont,State House,2024, CALEDONIA-1,general,https://www.votedebbievt.com/,,clear_campaign_url_only,https://www.votedebbievt.com/
14194,Angela Moore,Georgia,State House,2024,91,general,https://www.legis.ga.gov/members/house/5008?session=1031,,clear_campaign_url_only,https://www.legis.ga.gov/members/house/5008?session=1031
14242,Kevin D Schwertfeger,Kansas,State House,2024,114,general,https://www.ksforkansas.com/,,clear_campaign_url_only,https://www.ksforkansas.com/
16302,Richard Goldman,Maine,State House,2024,53,general,https://web.archive.org/web/20210323030919/https://feinsteinforca.com/,https://en.wikipedia.org/wiki/Dianne_Feinstein,clear_both,https://bluevoterguide.org/ME/candidate_Richard_Goldman/545866
14502,Lorraine M Ceniceros,Kansas,State House,2024,65,general,https://shawnchaunceyforkansas.com/,https://en.wikipedia.org/wiki/Shawn_Chauncey,clear_both,https://www.ourcampaigns.com/CandidateDetail.html?CandidateID=647673
14393,Lynn Gladney,Georgia,State House,2024,130,general,https://www.beglad4ga.com/,https://en.wikipedia.org/wiki/Lynn_Heffner,clear_both,https://www.beglad4ga.com/
16254,Teresa Borrenpohl,Idaho,State House,2024, 005-POSITION B,general,http://www.kcsheriff.com,https://en.wikipedia.org/wiki/Robert_Norris_(sheriff),clear_both,https://idahovoters.com/person/teresa-borrenpohl/
17166,Lucas J Herring,Vermont,State House,2024, WASHINGTON-1,general,http://www.barrecity.org,"https://en.wikipedia.org/wiki/Barre_(city),_Vermont",clear_both,
17108,Aboul B Khan,New Hampshire,State House,2024, ROCKINGHAM 030,general,https://www.ourcampaigns.com/CandidateDetail.html?CandidateID=311240,,clear_campaign_url_only,https://www.ourcampaigns.com/CandidateDetail.html?CandidateID=311240
14732,Vivian E Cook,New York,State House,2024,32,general,http://assembly.state.ny.us/mem/?ad=032,,clear_campaign_url_only,http://assembly.state.ny.us/mem/?ad=032
16287,Kevin Scott,Maine,State House,2024,73,general,http://lepageforcongress.com,https://en.wikipedia.org/wiki/Paul_LePage,clear_both,https://web.archive.org/web/20101029005110/http://libbymitchellforgovernor.com/
14933,Steven Smith,New Hampshire,State House,2024, SULLIVAN 003,general,http://www.steve4nh.com,,clear_campaign_url_only,http://www.steve4nh.com
16678,Marjorie K Smith,New Hampshire,State House,2024, STRAFFORD 010,general,http://www.ci.durham.nh.us,"https://en.wikipedia.org/wiki/Durham,_New_Hampshire",clear_both,http://www.ci.durham.nh.us
15128,Elizabeth Kosta,New Hampshire,State House,2024, ROCKINGHAM 020,general,http://www.plaistow.com,"https://en.wikipedia.org/wiki/Plaistow,_New_Hampshire",clear_both,https://bluevoterguide.org/NH/candidate_Elizabeth_Kosta/369450
15265,Michael Zvalaren,Pennsylvania,State House,2024,123,general,http://www.reptimtwardzik.com/,https://en.wikipedia.org/wiki/Timothy_Twardzik,clear_both,http://www.reptimtwardzik.com/
15761,Ivon Prescott,Maine,State House,2024,100,general,https://arford.mainecandidate.com/,https://en.wikipedia.org/wiki/Poppy_Arford,clear_both,https://bluevoterguide.org/district/ME/Maine_House_of_Representatives_District_100/14465/
16700,Richard H Thackston Iii,New Hampshire,State House,2024, CHESHIRE 012,general,http://www.troy-nh.us,"https://en.wikipedia.org/wiki/Troy,_New_Hampshire",clear_both,https://electiondatabase.nhpr.org/candidates/view/Richard-H-Thackston-III
17082,Denise Dede-Poulin,New Hampshire,State House,2024, STRAFFORD 006,general,https://dedepoulin.com/,,clear_campaign_url_only,https://dedepoulin.com/
16597,Teresa Ororke,New Hampshire,State House,2024, CHESHIRE 007,general,https://democracynh.com/,https://en.wikipedia.org/wiki/Terri_O'Rorke,clear_both,
17017,Timothy Wyatt,New Hampshire,State House,2024, HILLSBOROUGH 013,general,http://www.thetimestribune.com/,https://en.wikipedia.org/wiki/The_Times-Tribune_(Corbin),clear_both,https://bluevoterguide.org/NH/candidate_Timothy_Wyatt/330695
16863,Alec Brook-Krasny,New York,State House,2024,46,general,http://assembly.state.ny.us/mem/?ad=046&submit=Go,,clear_campaign_url_only,http://assembly.state.ny.us/mem/?ad=046&submit=Go
15544,Brad Evert Hessel,North Carolina,State Senate,2024,18,general,http://markharrisforcongress.org,https://en.wikipedia.org/wiki/Mark_Harris_(North_Carolina_politician),clear_both,http://markharrisforcongress.org
7221,David Hill,North Carolina,State Senate,2024,7,general,http://oregon.gov,https://en.wikipedia.org/wiki/Oregon,clear_both,https://www.hillforncsenate.com
7194,Dave Cortese,California,State Senate,2024,15,general,https://sd15.senate.ca.gov,,clear_campaign_url_only,http://www.davecortese.com
12090,Tony Virrueta,California,State Senate,2024,17,general,http://www.lairdforcasenate.com/,https://en.wikipedia.org/wiki/John_Laird_(American_politician),clear_both,https://www.ourcampaigns.com/CandidateDetail.html?CandidateID=625717
16074,Mario Paz,California,State Senate,2024,33,general,https://www.votelenagonzalez.com/,https://en.wikipedia.org/wiki/Lena_Gonzalez,clear_both,https://www.ourcampaigns.com/CandidateDetail.html?CandidateID=625725
15796,Brad Barnhill,Nevada,State Senate,2024,6,general,http://www.opensecrets.org/states/cands.php?cycle=2004&state=NV,https://en.wikipedia.org/wiki/2004_United_States_House_of_Representatives_elections_in_Nevada,clear_both,http://www.opensecrets.org/states/cands.php?cycle=2004&state=NV
14569,Elijah Mack,California,State Senate,2024,21,general,http://senate.ca.gov/limon,https://en.wikipedia.org/wiki/Monique_Limón,clear_both,https://www.mackforstatesenate.com
9194,Jo Beaudreau,Oregon,State Senate,2024,5,general,https://senatoranderson.com,https://en.wikipedia.org/wiki/Dick_Anderson_(Oregon_politician),clear_both,https://JoForOregon.com
15427,Heather Brown,Illinois,State Senate,2024,25,general,https://karinavilla.com/,https://en.wikipedia.org/wiki/Karina_Villa,clear_both,https://brownilsenator25.org
7618,Cesar J Blanco,Texas,State Senate,2024,29,general,https://www.yisd.net/eastwoodhigh,https://en.wikipedia.org/wiki/Eastwood_High_School_(Texas),clear_both,https://www.yisd.net/eastwoodhigh
7746,Matt Brass,Georgia,State Senate,2024,6,general,https://peachfile.ethics.ga.gov/public/cf/candidateprofile,,clear_campaign_url_only,https://peachfile.ethics.ga.gov/public/cf/candidateprofile
8905,Mike Ginsburg,Nevada,State Senate,2024,15,general,http://sharronangle.com/,https://en.wikipedia.org/wiki/Sharron_Angle,clear_both,https://ivoterguide.com/candidate/79912/race/20488/election/1221?culture=en-us
8077,Daniel Innis,New Hampshire,State Senate,2024,7,general,http://Dan4NH.com/,,clear_campaign_url_only,http://Dan4NH.com/
8204,Norman M Needleman,Connecticut,State Senate,2024,33,general,https://www.normforsenate.com/,,clear_campaign_url_only,https://www.normforsenate.com/
14599,Ashley Godwin,Georgia,State Senate,2024,30,general,http://staceyabrams.com,https://en.wikipedia.org/wiki/Stacey_Abrams,clear_both,https://www.voteashleygodwin.com/
16158,Timothy J Bearden,Georgia,State Senate,2024,30,general,https://peachfile.ethics.ga.gov/public/cf/publiccandidate,,clear_campaign_url_only,https://peachfile.ethics.ga.gov/public/cf/publiccandidate
9523,Paul Hambleton,Wisconsin,State Senate,2024,10,general,http://stafsholt4senate.com,https://en.wikipedia.org/wiki/Rob_Stafsholt,clear_both,http://www.local344.org/?zone=/unionactive/election_list.cfm
16974,Bennett Rutledge,Colorado,State Senate,2024,16,general,https://jenaforcolorado.com/,https://en.wikipedia.org/wiki/Jena_Griswold,clear_both,https://jenaforcolorado.com/
8630,Natalie R Figueroa,New Mexico,State Senate,2024,18,general,http://voteforgentry.com,https://en.wikipedia.org/wiki/Nate_Gentry,clear_both,https://nataliefornewmexico.org
15764,Tania C Wildbill,Oregon,State Senate,2024,29,general,https://www.oregon.gov/gov/Pages/index.aspx,https://en.wikipedia.org/wiki/Tina_Kotek,clear_both,https://www.votewildbill.com/
8405,Larry Grooms,South Carolina,State Senate,2024,37,general,https://archive.today/20130414221508/http://www.followthemoney.org/database/StateGlance/candidate.phtml?si=200040&c=378490,,clear_campaign_url_only,https://archive.today/20130414221508/http://www.followthemoney.org/database/StateGlance/candidate.phtml?si=200040&c=378490
8471,Randy Robertson,Georgia,State Senate,2024,29,general,https://peachfile.ethics.ga.gov/public/cf/publiccandidate,,clear_campaign_url_only,https://peachfile.ethics.ga.gov/public/cf/publiccandidate
9237,Joshua Sanchez,New Mexico,State Senate,2024,29,general,https://jas4nm.com/,,clear_campaign_url_only,https://jas4nm.com/
8640,Anthony Shane Massey,South Carolina,State Senate,2024,25,general,https://web.archive.org/web/20130617211240/http://shane2010.com/,,clear_campaign_url_only,https://web.archive.org/web/20130617211240/http://shane2010.com/
8678,Michelee Crawford,Nevada,State Senate,2024,1,general,http://shellyfornevada.com,,clear_campaign_url_only,http://shellyfornevada.com
10896,Bart Bryant,Georgia,State Senate,2024,53,general,http://coltonmoore.com,https://en.wikipedia.org/wiki/Colton_Moore,clear_both,https://bartbryant4georgia.com/
8882,Mike Hodges,Georgia,State Senate,2024,3,general,https://peachfile.ethics.ga.gov/public/cf/candidateprofile,,clear_campaign_url_only,https://peachfile.ethics.ga.gov/public/cf/candidateprofile
10872,Octavia Amaechi,South Carolina,State Senate,2024,12,general,https://rogernutt.com/,https://en.wikipedia.org/wiki/Roger_Nutt,clear_both,https://www.octaviaforsc.com
13493,Benee Hudson,Kansas,State Senate,2024,8,general,https://www.cindyforkansas.com/,https://en.wikipedia.org/wiki/Cindy_Holscher,clear_both,https://hudson4kansas.com/
8929,Russ Goodman,Georgia,State Senate,2024,8,general,https://peachfile.ethics.ga.gov/public/cf/publiccandidate,,clear_campaign_url_only,https://peachfile.ethics.ga.gov/public/cf/publiccandidate
8985,Dan A Sullivan,Arkansas,State Senate,2024,20,general,http://www.AState.edu,https://en.wikipedia.org/wiki/Arkansas_State_University,clear_both,https://arkelect.com/officials/375
12522,Rita Adkins,South Carolina,State Senate,2024,41,general,https://www.leberforsenate.com,https://en.wikipedia.org/wiki/Matt_Leber,clear_both,https://www.ritaadkins.com
15429,Danniel S Maio,New York,State Senate,2024,15,general,http://www.opensecrets.org/races/election.php?state=NY&cycle=2016,https://en.wikipedia.org/wiki/2016_United_States_House_of_Representatives_elections_in_New_York,clear_both,https://nyc.maio.net/
9262,Scott Cuthbertson,Utah,State Senate,2024,15,general,http://www.kathleenriebe.com/,https://en.wikipedia.org/wiki/Kathleen_Riebe,clear_both,https://scott4utahsenate.com
10472,Art Staed,Iowa,State Senate,2024,40,general,https://web.archive.org/web/20081210124032/http://www3.legis.state.ia.us/ga/member.do?id=6481&ga=82,,clear_campaign_url_only,https://web.archive.org/web/20081210124032/http://www3.legis.state.ia.us/ga/member.do?id=6481&ga=82
14685,Yokima Cureton,South Carolina,State Senate,2024,27,general,https://allenblackmon.com/,https://en.wikipedia.org/wiki/Allen_Blackmon,clear_both,https://www.yokimacuretonforsenatesc.com
9583,Ed Harbison,Georgia,State Senate,2024,15,general,https://peachfile.ethics.ga.gov/public/cf/publiccandidate,,clear_campaign_url_only,https://peachfile.ethics.ga.gov/public/cf/publiccandidate
9800,Richard J Cash,South Carolina,State Senate,2024,3,general,https://www.independentmail.com/videos/embed/100125284/?placement=mobileweb-amp&cst=news%2Flocal&series=news%2Flocal&keywords=Powdersville%2C+SC%2CSouth+Carolina+Senate%2CAnderson%2C+SC%2CRepublican+Party%2CKevin+Bryant%2CState+elections%2CPendleton%2C+SC%2CPrimary+elections%2CCrimes%2CDomestic+violence%2CDonations%2CReal+estate%2CU.S.+House+of+Representatives%2CSupreme+Court+of+the+United+States%2CDemocratic+Party%2CJames+Merrill%2CClemson+University%2CSouth+Carolina+Department+of+Transportation%2CJohn+Courson%2CJudiciary%2CRepublican+Party%2CWomen%27s+rights%2CAbortions%2CHouse+Judiciary+Committee%2CEconomy&licenseType=paid_subscriber,,clear_campaign_url_only,https://www.independentmail.com/videos/embed/100125284/?placement=mobileweb-amp&cst=news%2Flocal&series=news%2Flocal&keywords=Powdersville%2C+SC%2CSouth+Carolina+Senate%2CAnderson%2C+SC%2CRepublican+Party%2CKevin+Bryant%2CState+elections%2CPendleton%2C+SC%2CPrimary+elections%2CCrimes%2CDomestic+violence%2CDonations%2CReal+estate%2CU.S.+House+of+Representatives%2CSupreme+Court+of+the+United+States%2CDemocratic+Party%2CJames+Merrill%2CClemson+University%2CSouth+Carolina+Department+of+Transportation%2CJohn+Courson%2CJudiciary%2CRepublican+Party%2CWomen%27s+rights%2CAbortions%2CHouse+Judiciary+Committee%2CEconomy&licenseType=paid_subscriber
10067,Pat Huggins Pettey,Kansas,State Senate,2024,6,general,https://www.turnerusd202.org/our-schools/turner-high-school,https://en.wikipedia.org/wiki/Turner_High_School_(Kansas),clear_both,https://justfacts.votesmart.org/candidate/biography/7013/pat-pettey
10181,David Lucas,Georgia,State Senate,2024,26,general,https://peachfile.ethics.ga.gov/public/cf/publiccandidate,,clear_campaign_url_only,https://web.archive.org/web/20210107140556/https://warnockforgeorgia.com/endorsements/
12505,Brian Pierson,Oregon,State Senate,2024,18,general,https://www.camposfororegon.com,https://en.wikipedia.org/wiki/Wlnsvey_Campos,clear_both,https://www.camposfororegon.com
13577,Sherman Hutchins,Maine,State Senate,2024,7,general,http://laurellibby.com,https://en.wikipedia.org/wiki/Laurel_Libby,clear_both,http://laurellibby.com
12992,Anthony Phillip Deluca Ii,Rhode Island,State Senate,2024,29,general,https://delucadistrict29.com/,,clear_campaign_url_only,https://delucadistrict29.com/
10605,Josh Mclaurin,Georgia,State Senate,2024,14,general,https://peachfile.ethics.ga.gov/public/cf/publiccandidate,,clear_campaign_url_only,https://peachfile.ethics.ga.gov/public/cf/publiccandidate
10785,James G Mccune,Washington,State Senate,2024,2,general,https://www.ourcampaigns.com/pages/CandidateDetail.html?CandidateID=50737,,clear_campaign_url_only,https://www.ourcampaigns.com/pages/CandidateDetail.html?CandidateID=50737
10796,Anne (Pinny) Beebe-Center,Maine,State Senate,2024,12,general,https://pinny.mainecandidate.com/,,clear_campaign_url_only,https://pinny.mainecandidate.com/
10865,Sam Watson,Georgia,State Senate,2024,11,general,https://peachfile.ethics.ga.gov/public/cf/publiccandidate,,clear_campaign_url_only,https://peachfile.ethics.ga.gov/public/cf/publiccandidate
11251,Donzella James,Georgia,State Senate,2024,28,general,https://peachfile.ethics.ga.gov/public/cf/publiccandidate,,clear_campaign_url_only,https://peachfile.ethics.ga.gov/public/cf/publiccandidate
11442,Emanuel Jones,Georgia,State Senate,2024,10,general,https://peachfile.ethics.ga.gov/public/cf/publiccandidate,,clear_campaign_url_only,https://peachfile.ethics.ga.gov/public/cf/publiccandidate
11821,Robert Doyle,Arizona,State Senate,2024,10,general,http://www.bobdole.org/,https://en.wikipedia.org/wiki/Bob_Dole,clear_both,https://www.fec.gov/data/elections/senate/PA/2018/
11828,Donna Bailey,Maine,State Senate,2024,31,general,https://www.dbformaine.com/,,clear_campaign_url_only,https://www.dbformaine.com/
11895,Van Burtenshaw,Idaho,State Senate,2024,31,general,https://www.ourcampaigns.com/CandidateDetail.html?CandidateID=340597,,clear_campaign_url_only,https://www.ourcampaigns.com/CandidateDetail.html?CandidateID=340597
12763,Tom Hearn,Idaho,State Senate,2024,2,general,https://www.amadorforidaho.com/,https://en.wikipedia.org/wiki/Paul_Amador,clear_both,https://idahovoters.com/person/tom-hearn/
12853,Freddie Powell Sims,Georgia,State Senate,2024,12,general,https://peachfile.ethics.ga.gov/public/cf/publiccandidate,,clear_campaign_url_only,https://peachfile.ethics.ga.gov/public/cf/publiccandidate
13609,Sue Vinton,Montana,State Senate,2024,20,general,https://www.ourcampaigns.com/CandidateDetail.html?CandidateID=368522,,clear_campaign_url_only,https://www.ourcampaigns.com/CandidateDetail.html?CandidateID=368522
14190,Carl Glimm,Montana,State Senate,2024,3,general,https://www.ourcampaigns.com/ContainerDetail.html?ContainerID=44396,,clear_campaign_url_only,https://www.ourcampaigns.com/ContainerDetail.html?ContainerID=44396
15226,Ernie Otten Jr,South Dakota,State Senate,2024,6,general,http://ottenforsenate.com,https://en.wikipedia.org/wiki/Ernie_Otten,clear_both,http://ottenforsenate.com
5829,Orlando Sonza,Ohio,US House,2024,1,general,http://landsmanforcongress.com,https://en.wikipedia.org/wiki/Greg_Landsman,clear_both,http://landsmanforcongress.com
6034,John Sitka Iii,Virginia,US House,2024,3,general,http://bobbyscottforcongress.com,https://en.wikipedia.org/wiki/Bobby_Scott_(politician),clear_both,https://sitkaforcongress.com/
17664,Lee Peters III,Virginia,State House,2023,65,general,http://mcguireva.com,https://en.wikipedia.org/wiki/John_McGuire_(Virginia_politician),clear_both,https://petersforvirginia.com/
17604,Josh Thomas,Virginia,State House,2023,21,general,https://jetforva.com/,,clear_campaign_url_only,https://jetforva.com/
17650,Susanna Gibson,Virginia,State House,2023,57,general,https://votedavidowen.com/,https://en.wikipedia.org/wiki/David_Owen_(Virginia_politician),clear_both,https://www.susannagibson.com/
17703,Karen Lynette Jenkins,Virginia,State House,2023,89,general,https://web.archive.org/web/20121106065953/http://www.jillstein.org/,https://en.wikipedia.org/wiki/Jill_Stein_2012_presidential_campaign,clear_both,https://karenforvirginia.com
17771,Brian McRory,New Jersey,State House,2023,6,general,http://lougreenwald.com,https://en.wikipedia.org/wiki/Louis_Greenwald,clear_both,https://sites.google.com/view/daniellebarryfornjassembly/barrymcrory-for-state-assembly?authuser=0
17700,Jarris Taylor Jr.,Virginia,State House,2023,86,general,https://www.cordozaforvirginia.com,https://en.wikipedia.org/wiki/A.C._Cordoza,clear_both,https://www.cordozaforvirginia.com
17776,Herbert C. Conaway Jr.,New Jersey,State House,2023,7,general,http://herbforcongress.com,https://en.wikipedia.org/wiki/Herb_Conaway,clear_both,http://herbforcongress.com
17945,Barbara McCann Stamato,New Jersey,State House,2023,31,general,https://www.bayonnenj.org/,"https://en.wikipedia.org/wiki/Bayonne,_New_Jersey",clear_both,https://www.njleg.state.nj.us/legislative-roster/484/assemblywoman-mccann-stamato
17709,John Sitka III,Virginia,State House,2023,93,general,http://bobbyscottforcongress.com,https://en.wikipedia.org/wiki/Bobby_Scott_(politician),clear_both,https://sitkaforcongress.com/
17928,Willie S. Jetti,New Jersey,State House,2023,28,general,http://www.nj.gov/governor,https://en.wikipedia.org/wiki/List_of_governors_of_New_Jersey,clear_both,https://www.ourcampaigns.com/CandidateDetail.html?CandidateID=592947
18010,Robert Darrow,Louisiana,State House,2023,6,general,http://thecha.org/,https://en.wikipedia.org/wiki/Chicago_Housing_Authority,clear_both,https://bluevoterguide.org/district/LA/Louisiana_House_of_Representatives_District_6/1328/
18023,Randall Robinson,Louisiana,State House,2023,15,general,https://nsu.edu,https://en.wikipedia.org/wiki/Norfolk_State_University,clear_both,https://politics1.com/la.htm
18032,Kevin Bates,Louisiana,State House,2023,20,general,https://web.archive.org/web/20110306090804/http://buddyroemer.com/,https://en.wikipedia.org/wiki/Buddy_Roemer,clear_both,https://vote-usa.org/Intro.aspx?State=LA&Id=LABatesKevin
18065,Mckinley James Jr.,Louisiana,State House,2023,39,general,http://JulieEmerson.org,https://en.wikipedia.org/wiki/Julie_Emerson,clear_both,http://JulieEmerson.org
18067,Allen Guillory,Louisiana,State House,2023,40,general,http://julialetlow.com,https://en.wikipedia.org/wiki/Julia_Letlow,clear_both,https://www.ourcampaigns.com/CandidateDetail.html?CandidateID=208798
18114,"Garry ""Frog"" Talbert",Louisiana,State House,2023,64,general,http://garretgraves.house.gov,https://en.wikipedia.org/wiki/Garret_Graves,clear_both,http://garretgraves.house.gov
18119,Jamie Pope,Louisiana,State House,2023,65,general,http://www.stpgov.org,https://en.wikipedia.org/wiki/Saint_Tammany_Parish,clear_both,https://www.popeforla.com/
6699,Michael Van Meter,Virginia,State Senate,2023,33,general,https://www.jennifercarrollfoy.com/,https://en.wikipedia.org/wiki/Jennifer_Carroll_Foy,clear_both,https://www.vanmeterforvirginia.com/copy-of-home
7095,Joanne Kuniansky,New Jersey,State Senate,2023,33,general,https://www.fec.gov/data/elections/senate/NJ/2024/,https://en.wikipedia.org/wiki/2024_United_States_Senate_election_in_New_Jersey,clear_both,http://murphy4nj.com
7022,Christopher Faustino,New Jersey,State Senate,2023,35,general,http://nelliepoufornewjersey.com,https://en.wikipedia.org/wiki/Nellie_Pou,clear_both,http://nelliepoufornewjersey.com
18230,Marilyn Bellock,Louisiana,State Senate,2023,19,general,https://www.gregmiller.org/,https://en.wikipedia.org/wiki/Gregory_A._Miller,clear_both,https://www.gregmiller.org/